{"cameraMode":{"drawMode":0,"name":"Shaded","section":"Shading Mode"},"sceneLighting":true,"audioPlay":false,"sceneViewState":{"m_AlwaysRefresh":false,"showFog":true,"showSkybox":true,"showFlares":true,"showImageEffects":true,"showParticleSystems":true,"showVisualEffectGraphs":true,"m_FxEnabled":true},"in2DMode":false,"pivot":{"x":650.1827392578125,"y":194.90200805664063,"z":-373.8017883300781},"rotation":{"x":-0.06321325898170471,"y":-0.04130803421139717,"z":0.002620106562972069,"w":-0.9971466660499573},"size":34.55445098876953,"orthographic":false}